{
  "manhwas": [
    { "id": 1,  "titulo": "Solo Leveling",                  "imagen": "/IMG/solo.jpg" },
    { "id": 2,  "titulo": "Renaci como el hijo del duque",  "imagen": "/IMG/duque.webp" },
    { "id": 3,  "titulo": "Tower of God",                   "imagen": "/IMG/tower-of-god.jpg" },
    { "id": 4,  "titulo": "Omniscient Reader's Viewpoint", "imagen": "/IMG/Img-2.webp" },
    { "id": 5,  "titulo": "The Breaker",                    "imagen": "/IMG/the-breaker.webp" },
    { "id": 6,  "titulo": "Wind Breaker",                   "imagen": "/IMG/wind-breaker.webp" },
    { "id": 7,  "titulo": "Sweet Home",                     "imagen": "/IMG/sweet-home.jpg" },
    { "id": 8,  "titulo": "Eleceed",                        "imagen": "/IMG/eleceed.jfif" },
    { "id": 9,  "titulo": "The Boxer",                      "imagen": "/IMG/the-boxer.avif"},
    { "id": 10, "titulo": "Misaeng",                        "imagen": "/IMG/misaeng.webp" },
    { "id": 11, "titulo": "Who Made Me a Princess",         "imagen": "/IMG/who-made-me-a-princess.jpg" },
    { "id": 12, "titulo": "The Legendary Moonlight Sculptor", "imagen": "/IMG/legendary-moonlight.jpg" },
    { "id": 13, "titulo": "Nano Machine",                   "imagen": "/IMG/nano-machine.jpg" },
    { "id": 14, "titulo": "The Legend of Northern Blade",   "imagen": "/IMG/northern-blade.jpeg" },
    { "id": 15, "titulo": "Rebirth of the Urban Immortal Cultivator", "imagen": "/IMG/urban-immortal.jfif" },
    { "id": 16, "titulo": "Tomb Raider King",              "imagen": "/IMG/tomb-raider-king.webp" },
    { "id": 17, "titulo": "God of High School",            "imagen": "/IMG/god-of-high-school.jpg" },
    { "id": 18, "titulo": "Lookism",                        "imagen": "/IMG/lookism.jfif" },
    { "id": 19, "titulo": "DICE: The Cube That Changes Everything", "imagen": "/IMG/dice.webp" },
    { "id": 20, "titulo": "Sweet Home",                     "imagen": "/IMG/sweet-home.jpg" },
    { "id": 21, "titulo": "Black Haze",                     "imagen": "/IMG/black-haze.jfif" },
    { "id": 22, "titulo": "Red Storm",                      "imagen": "/IMG/red-storm.webp" },
    { "id": 23, "titulo": "Ability",                        "imagen": "/IMG/ability.webp" },
    { "id": 24, "titulo": "A Returner's Magic Should Be Special", "imagen": "/IMG/returner-magic.webp" },
    { "id": 25, "titulo": "Peerless Dad",                  "imagen": "/IMG/peerless-dad.webp" },
    { "id": 26, "titulo": "Gosu",                           "imagen": "/IMG/gosu.jfif" },
    { "id": 27, "titulo": "The Great Mage Returns After 4000 Years", "imagen": "/IMG/great-mage-returns.jpg" },
    { "id": 28, "titulo": "Kill the Hero",                 "imagen": "/IMG/kill-the-hero.jfif" },
    { "id": 29, "titulo": "Return of the Frozen Player",   "imagen": "/IMG/frozen-player.jfif" },
    { "id": 30, "titulo": "Ranker Who Lives A Second Time", "imagen": "/IMG/ranker-second-time.webp" },
    { "id": 31, "titulo": "Survival Story of a Sword King in a Fantasy World", "imagen": "/IMG/sword-king.webp" },
    { "id": 32, "titulo": "The Live",                      "imagen": "/IMG/the-live.jpg" },
    { "id": 33, "titulo": "Champion's Way",                "imagen": "/IMG/champions-way.jfif" },
    { "id": 34, "titulo": "Skeleton Soldier Couldn’t Protect the Dungeon", "imagen": "/IMG/skeleton-soldier.jpg" },
    { "id": 35, "titulo": "Second Life Ranker",            "imagen": "/IMG/second-life-ranker.jpg" },
    { "id": 36, "titulo": "The Reason Why Raeliana Ended Up at the Duke's Mansion", "imagen": "/IMG/raeliana.jpg" },
    { "id": 37, "titulo": "A Business Proposal",           "imagen": "/IMG/business-proposal.jpg" },
    { "id": 38, "titulo": "True Beauty",                   "imagen": "/IMG/true-beauty.webp" },
    { "id": 39, "titulo": "My ID is Gangnam Beauty",       "imagen": "/IMG/gangnam-beauty.jpg" },
    { "id": 40, "titulo": "Love Revolution",               "imagen": "/IMG/love-revolution.webp" },
    { "id": 41, "titulo": "Girls of the Wild's",           "imagen": "/IMG/girls-of-wilds.jpg" },
    { "id": 42, "titulo": "Flow",                          "imagen": "/IMG/flow.jpg" },
    { "id": 43, "titulo": "Lookism",                       "imagen": "/IMG/lookism.jfif" },
    { "id": 44, "titulo": "Sweet Home",                    "imagen": "/IMG/sweet-home.jpg" },
    { "id": 45, "titulo": "Eleceed",                       "imagen": "/IMG/eleceed.jfif" },
    { "id": 46, "titulo": "The Devil",                     "imagen": "/IMG/the-devil.jpg" },
    { "id": 47, "titulo": "Mercenary Enrollment",          "imagen": "/IMG/mercenario.jpg" },
    { "id": 48, "titulo": "Hardcore Leveling Warrior",     "imagen": "/IMG/hardcore-leveling.jfif" },
    { "id": 49, "titulo": "Tower Power",                   "imagen": "/IMG/tower-power.webp" },
    { "id": 50, "titulo": "Dr. Stone",                     "imagen": "/IMG/dr-stone.jpg" }
  ],
    "videos": [
    {
      "id": 1,
      "titulo": "Solo Leveling",
      "descripcion": "Uno de los manhwas más populares que ya tiene su anime.",
      "url": "https://www.youtube.com/watch?v=EerEgLgSbwI"
    },
    {
      "id": 2,
      "titulo": "Tower of God",
      "descripcion": "Regresará con su segunda temporada próximamente.",
      "url": "https://www.youtube.com/embed/vuPNvIQrS8U"
    },
    {
      "id": 3,
      "titulo": "Noblesse",
      "descripcion": "La historia clásica de vampiros y poderes sobrenaturales.",
      "url": "https://www.youtube.com/embed/Su1HyUxsmhU"
    },
    {
      "id": 4,
      "titulo": "The Boxer",
      "descripcion": "Yu, un chico silencioso y apático, que vive completamente desconectado de las emociones humanas..",
      "url": "https://www.youtube.com/watch?v=EerEgLgSbwI"
    },
    {
      "id": 5,
      "titulo": "La vida despues de la muerte",
      "descripcion": "Reencarnación con memoria de su vida anterior.",
      "url": "https://www.youtube.com/watch?v=EerEgLgSbwI"
    },
    {
      "id": 6,
      "titulo": "lector omnisciente ",
      "descripcion": "Three Ways to Survive the Apocalypse.",
      "url": "https://www.youtube.com/watch?v=EerEgLgSbwI"
    }
  ],
"Capitulos": [
  {
    "id": 1,
    "titulo": "Super humanos",
    "estado": "Activo",
    "imagen": "/IMG/super-humanos.png",
    "capitulos": [{ "numero": "194" }, { "numero": "193.05" }]
  },
  {
    "id": 2,
    "titulo": "El Novato es Muy Fuerte",
    "estado": "Activo",
    "imagen": "/IMG/Novato-fuerte.webp",
    "capitulos": [{ "numero": "142" }, { "numero": "141" }]
  },
  {
    "id": 3,
    "titulo": "Solo Leveling",
    "estado": "Finalizado",
    "imagen": "/IMG/solo.jpg",
    "capitulos": [{ "numero": "200" }, { "numero": "199" }]
  },
  {
    "id": 4,
    "titulo": "Tower of God",
    "estado": "Activo",
    "imagen": "/IMG/tower-of-god.jpg",
    "capitulos": [{ "numero": "588" }, { "numero": "587" }]
  },
  {
    "id": 5,
    "titulo": "Omniscient Reader's Viewpoint",
    "estado": "Activo",
    "imagen": "/IMG/Img-2.webp",
    "capitulos": [{ "numero": "204" }, { "numero": "203" }]
  },
  {
    "id": 6,
    "titulo": "The Boxer",
    "estado": "Finalizado",
    "imagen": "/IMG/the-boxer.avif",
    "capitulos": [{ "numero": "123" }, { "numero": "122" }]
  },
  {
    "id": 7,
    "titulo": "Wind Breaker",
    "estado": "Activo",
    "imagen": "/IMG/wind-breaker.webp",
    "capitulos": [{ "numero": "469" }, { "numero": "468" }]
  },
  {
    "id": 8,
    "titulo": "Eleceed",
    "estado": "Activo",
    "imagen": "/IMG/eleceed.jfif",
    "capitulos": [{ "numero": "314" }, { "numero": "313" }]
  },
  {
    "id": 9,
    "titulo": "Kill the Hero",
    "estado": "Finalizado",
    "imagen": "/IMG/kill-the-hero.jfif",
    "capitulos": [{ "numero": "131" }, { "numero": "130" }]
  },
  {
    "id": 10,
    "titulo": "Mercenary Enrollment",
    "estado": "Activo",
    "imagen": "/IMG/mercenario.jpg",
    "capitulos": [{ "numero": "194" }, { "numero": "193" }]
  },
  {
    "id": 11,
    "titulo": "Nano Machine",
    "estado": "Activo",
    "imagen": "/IMG/nano-machine.jpg",
    "capitulos": [{ "numero": "182" }, { "numero": "181" }]
  },
  {
    "id": 12,
    "titulo": "Return of the Frozen Player",
    "estado": "Activo",
    "imagen": "/IMG/frozen-player.jfif",
    "capitulos": [{ "numero": "112" }, { "numero": "111" }]
  },
  {
    "id": 13,
    "titulo": "The Legend of Northern Blade",
    "estado": "Activo",
    "imagen": "/IMG/northern-blade.jpeg",
    "capitulos": [{ "numero": "157" }, { "numero": "156" }]
  },
  {
    "id": 14,
    "titulo": "A Returner's Magic Should Be Special",
    "estado": "Activo",
    "imagen": "/IMG/returner-magic.webp",
    "capitulos": [{ "numero": "220" }, { "numero": "219" }]
  },
  {
    "id": 15,
    "titulo": "Lookism",
    "estado": "Activo",
    "imagen": "/IMG/lookism.jfif",
    "capitulos": [{ "numero": "501" }, { "numero": "500" }]
  },
  {
    "id": 16,
    "titulo": "Sweet Home",
    "estado": "Finalizado",
    "imagen": "/IMG/sweet-home.jpg",
    "capitulos": [{ "numero": "142" }, { "numero": "141" }]
  },
  {
    "id": 17,
    "titulo": "Red Storm",
    "estado": "Finalizado",
    "imagen": "/IMG/red-storm.webp",
    "capitulos": [{ "numero": "350" }, { "numero": "349" }]
  },
  {
    "id": 18,
    "titulo": "Gosu",
    "estado": "Finalizado",
    "imagen": "/IMG/gosu.jfif",
    "capitulos": [{ "numero": "234" }, { "numero": "233" }]
  },
  {
    "id": 19,
    "titulo": "Skeleton Soldier Couldn’t Protect the Dungeon",
    "estado": "Activo",
    "imagen": "/IMG/skeleton-soldier.jpg",
    "capitulos": [{ "numero": "185" }, { "numero": "184" }]
  },
  {
    "id": 20,
    "titulo": "The Live",
    "estado": "Activo",
    "imagen": "/IMG/the-live.jpg",
    "capitulos": [{ "numero": "98" }, { "numero": "97" }]
  }
],
"CapituloDetalles": [
  {
    "id": 1,
    "titulo": "Solo Leveling",
    "portada": "/IMG/solo.jpg",
    "sinopsis": "Un cazador débil obtiene una segunda oportunidad y se convierte en el más fuerte.",
    "vistas": 12000000,
    "likes": 540000
  },
  {
    "id": 2,
    "titulo": "Renací como el hijo del duque",
    "portada": "/IMG/duque.webp",
    "sinopsis": "Un asesino reencarna como el hijo de un noble.",
    "vistas": 8700000,
    "likes": 321000
  },
  {
    "id": 3,
    "titulo": "Tower of God",
    "portada": "/IMG/tower-of-god.jpg",
    "sinopsis": "Baam entra a una torre para reencontrarse con su amiga Rachel.",
    "vistas": 9500000,
    "likes": 410000
  },
  {
    "id": 4,
    "titulo": "Omniscient Reader's Viewpoint",
    "portada": "/IMG/Img-2.webp",
    "sinopsis": "Un lector se convierte en el protagonista de la novela que siempre leyó.",
    "vistas": 10300000,
    "likes": 478000
  },
  {
    "id": 5,
    "titulo": "The Breaker",
    "portada": "/IMG/the-breaker.webp",
    "sinopsis": "Un joven débil aprende artes marciales de un maestro misterioso.",
    "vistas": 7200000,
    "likes": 295000
  },
  {
    "id": 6,
    "titulo": "Wind Breaker",
    "portada": "/IMG/wind-breaker.webp",
    "sinopsis": "Una historia sobre ciclismo, desafíos y crecimiento personal.",
    "vistas": 6800000,
    "likes": 273000
  },
  {
    "id": 7,
    "titulo": "Sweet Home",
    "portada": "/IMG/sweet-home.jpg",
    "sinopsis": "Un apocalipsis monstruoso en un complejo de apartamentos.",
    "vistas": 8900000,
    "likes": 375000
  },
  {
    "id": 8,
    "titulo": "Eleceed",
    "portada": "/IMG/eleceed.jfif",
    "sinopsis": "Un joven con velocidad sobrehumana y un maestro gato luchan contra villanos.",
    "vistas": 6400000,
    "likes": 250000
  },
  {
    "id": 9,
    "titulo": "The Boxer",
    "portada": "/IMG/the-boxer.avif",
    "sinopsis": "Un prodigio del boxeo lucha contra su vacío interior.",
    "vistas": 5600000,
    "likes": 230000
  },
  {
    "id": 10,
    "titulo": "Misaeng",
    "portada": "/IMG/misaeng.webp",
    "sinopsis": "La dura vida de un oficinista en Corea del Sur.",
    "vistas": 4300000,
    "likes": 192000
  },
  {
    "id": 11,
    "titulo": "Who Made Me a Princess",
    "portada": "/IMG/who-made-me-a-princess.jpg",
    "sinopsis": "Una chica reencarna como una princesa condenada a morir.",
    "vistas": 7300000,
    "likes": 345000
  },
  {
    "id": 12,
    "titulo": "The Legendary Moonlight Sculptor",
    "portada": "/IMG/legendary-moonlight.jpg",
    "sinopsis": "Un jugador legendario conquista un mundo de realidad virtual.",
    "vistas": 8100000,
    "likes": 384000
  },
  {
    "id": 13,
    "titulo": "Nano Machine",
    "portada": "/IMG/nano-machine.jpg",
    "sinopsis": "Un joven es mejorado con nanotecnología en una era marcial.",
    "vistas": 9600000,
    "likes": 410000
  },
  {
    "id": 14,
    "titulo": "The Legend of Northern Blade",
    "portada": "/IMG/northern-blade.jpeg",
    "sinopsis": "El hijo del último guardián del norte busca venganza.",
    "vistas": 6200000,
    "likes": 260000
  },
  {
    "id": 15,
    "titulo": "Rebirth of the Urban Immortal Cultivator",
    "portada": "/IMG/urban-immortal.jfif",
    "sinopsis": "Un cultivador regresa al pasado para rehacer su vida.",
    "vistas": 7900000,
    "likes": 332000
  },
  {
    "id": 16,
    "titulo": "Tomb Raider King",
    "portada": "/IMG/tomb-raider-king.webp",
    "sinopsis": "Un saqueador de tumbas reencarna y toma venganza.",
    "vistas": 8800000,
    "likes": 369000
  },
  {
    "id": 17,
    "titulo": "God of High School",
    "portada": "/IMG/god-of-high-school.jpg",
    "sinopsis": "Un torneo de artes marciales con poderes sobrenaturales.",
    "vistas": 9100000,
    "likes": 403000
  },
  {
    "id": 18,
    "titulo": "Lookism",
    "portada": "/IMG/lookism.jfif",
    "sinopsis": "Un chico con dos cuerpos lucha contra la discriminación física.",
    "vistas": 11200000,
    "likes": 560000
  },
  {
    "id": 19,
    "titulo": "DICE: The Cube That Changes Everything",
    "portada": "/IMG/dice.webp",
    "sinopsis": "Dados mágicos permiten cambiar el destino.",
    "vistas": 4700000,
    "likes": 210000
  },
  {
    "id": 20,
    "titulo": "Black Haze",
    "portada": "/IMG/black-haze.jfif",
    "sinopsis": "Un poderoso mago se infiltra en una academia mágica.",
    "vistas": 5200000,
    "likes": 222000
  },
  {
    "id": 21,
    "titulo": "Red Storm",
    "portada": "/IMG/red-storm.webp",
    "sinopsis": "Un joven guerrero lucha en las tierras del desierto.",
    "vistas": 4700000,
    "likes": 198000
  },
  {
    "id": 22,
    "titulo": "Ability",
    "portada": "/IMG/ability.webp",
    "sinopsis": "Un hombre con habilidades especiales protege a los inocentes.",
    "vistas": 3900000,
    "likes": 180000
  },
  {
    "id": 23,
    "titulo": "A Returner's Magic Should Be Special",
    "portada": "/IMG/returner-magic.webp",
    "sinopsis": "Un mago vuelve al pasado para cambiar el destino del mundo.",
    "vistas": 8400000,
    "likes": 320000
  },
  {
    "id": 24,
    "titulo": "Peerless Dad",
    "portada": "/IMG/peerless-dad.webp",
    "sinopsis": "Un padre viudo entrena para proteger a sus hijos.",
    "vistas": 4900000,
    "likes": 204000
  },
  {
    "id": 25,
    "titulo": "Gosu",
    "portada": "/IMG/gosu.jfif",
    "sinopsis": "Un discípulo busca vengar la muerte de su maestro.",
    "vistas": 6700000,
    "likes": 275000
  },
  {
    "id": 26,
    "titulo": "Kill the Hero",
    "portada": "/IMG/kill-the-hero.jfif",
    "sinopsis": "Un jugador traicionado busca eliminar al 'héroe'.",
    "vistas": 7700000,
    "likes": 308000
  },
  {
    "id": 27,
    "titulo": "Return of the Frozen Player",
    "portada": "/IMG/frozen-player.jfif",
    "sinopsis": "El jugador más fuerte despierta tras años congelado.",
    "vistas": 6600000,
    "likes": 284000
  },
  {
    "id": 28,
    "titulo": "Ranker Who Lives A Second Time",
    "portada": "/IMG/ranker-second-time.webp",
    "sinopsis": "Un hermano se vuelve más fuerte en otra vida.",
    "vistas": 8700000,
    "likes": 312000
  },
  {
    "id": 29,
    "titulo": "The Live",
    "portada": "/IMG/the-live.jpg",
    "sinopsis": "Un padre con dolor busca salvar a su familia.",
    "vistas": 5600000,
    "likes": 243000
  },
  {
    "id": 30,
    "titulo": "Skeleton Soldier Couldn’t Protect the Dungeon",
    "portada": "/IMG/skeleton-soldier.jpg",
    "sinopsis": "Un esqueleto revive para proteger a su maestra.",
    "vistas": 7800000,
    "likes": 330000
  }
]

}